rater_index,peer_1,peer_1,peer_10,peer_10,peer_11,peer_11,peer_12,peer_12,peer_13,peer_13,peer_14,peer_14,peer_15,peer_15,peer_16,peer_16,peer_17,peer_17,peer_18,peer_18,peer_19,peer_19,peer_2,peer_2,peer_20,peer_20,peer_21,peer_21,peer_22,peer_22,peer_23,peer_23,peer_24,peer_24,peer_25,peer_25,peer_26,peer_26,peer_27,peer_27,peer_28,peer_28,peer_29,peer_29,peer_3,peer_3,peer_30,peer_30,peer_31,peer_31,peer_32,peer_32,peer_33,peer_33,peer_34,peer_34,peer_35,peer_35,peer_36,peer_36,peer_4,peer_4,peer_5,peer_5,peer_6,peer_6,peer_7,peer_7,peer_8,peer_8,peer_9,peer_9
text_richness,lexical_richness,semantic_richness,lexical_richness,semantic_richness,lexical_richness,semantic_richness,lexical_richness,semantic_richness,lexical_richness,semantic_richness,lexical_richness,semantic_richness,lexical_richness,semantic_richness,lexical_richness,semantic_richness,lexical_richness,semantic_richness,lexical_richness,semantic_richness,lexical_richness,semantic_richness,lexical_richness,semantic_richness,lexical_richness,semantic_richness,lexical_richness,semantic_richness,lexical_richness,semantic_richness,lexical_richness,semantic_richness,lexical_richness,semantic_richness,lexical_richness,semantic_richness,lexical_richness,semantic_richness,lexical_richness,semantic_richness,lexical_richness,semantic_richness,lexical_richness,semantic_richness,lexical_richness,semantic_richness,lexical_richness,semantic_richness,lexical_richness,semantic_richness,lexical_richness,semantic_richness,lexical_richness,semantic_richness,lexical_richness,semantic_richness,lexical_richness,semantic_richness,lexical_richness,semantic_richness,lexical_richness,semantic_richness,lexical_richness,semantic_richness,lexical_richness,semantic_richness,lexical_richness,semantic_richness,lexical_richness,semantic_richness,lexical_richness,semantic_richness
film_id,,,,,,,,,,,,,,,,,,,,,,,,,,,,,,,,,,,,,,,,,,,,,,,,,,,,,,,,,,,,,,,,,,,,,,,,
1070101,85.74999999999997,0.6763693690299988,,,54.88000000000004,0.21412241458892822,,,40.319999999999986,0.512894332408905,63.00000000000002,0.40417182445526123,28.000000000000007,,101.07999999999991,0.468056321144104,12.000000000000002,,29.21559633027523,0.5512973666191101,33.879999999999995,,,,,,,0.799333930015564,,,,,,,,,,,,,,,,,71.68,0.47299492359161377,,,,,,,,,,,,,,,42.0,0.6641795039176941,,,61.74000000000001,0.4623830020427704,84.00000000000003,0.41234859824180603,35.84,0.6410753130912781,,
1070102,,,,,,0.4372625946998596,35.84,0.645362377166748,,,45.359999999999985,0.42796528339385986,,,,,,,,,,,101.07999999999991,0.6822675466537476,,,,,,,,,,,,,,,,,,,,,32.256,0.7100803256034851,,,,,,,,,,,,,,,,0.4945179224014282,,,50.40000000000002,0.4533292055130005,,0.7470599412918091,,,,
1070103,,0.7992849349975586,,,,,,,,,,,,,,,,,,,,,19.0,0.2085719108581543,,,,,,,,,,,,,,,,,,,,,,,,,,,,,,,,,,,,,17.0,0.25528764724731445,,,,,,,,,,
1070105,,,,,,,,,,,,,,,,,,,,,,,71.68,0.7559981942176819,,,,,,,,,,,,,,,,,,,,,40.459999999999994,0.7006268501281738,,,,,,,,,,,,,,,,,,,,,71.68,0.5951032638549805,,,,
1070106,27.439999999999994,0.43276500701904297,,,22.58666666666667,0.3835858106613159,14.000000000000004,,18.293333333333333,0.5512069463729858,63.00000000000002,0.7432109117507935,,0.5546309947967529,27.0,0.5396919846534729,22.400000000000002,0.11390089988708496,,,28.000000000000007,0.6247279644012451,,,40.319999999999986,,40.319999999999986,,30.240000000000013,0.12643754482269287,16.14666666666667,0.622833251953125,40.319999999999986,,27.439999999999994,0.4870806336402893,40.459999999999994,0.40860515832901,18.293333333333333,0.1339600682258606,,,,,76.66400000000004,0.6618117094039917,,,,,,,,,,,,,,,,,20.160000000000007,,28.000000000000007,,152.46000000000015,0.4967179298400879,,,,
1070107,67.75999999999999,0.7710810899734497,,,,,,,,,,,,,,,,,,,,,22.0,0.08800601959228516,,,,,,,,,,,,,,,,,,,,,41.15999999999999,0.5573053359985352,,,,,,,,,,,,,,,45.359999999999985,0.41983258724212646,40.459999999999994,0.25268328189849854,31.0,0.5511772632598877,58.24,0.7212303876876831,,,35.84,0.7589335441589355
1070109,56.000000000000014,0.877983033657074,,,45.17333333333334,0.6912961006164551,19.958198198198197,0.7639427185058594,31.50000000000001,0.5630344152450562,17.0,0.810500979423523,61.74000000000001,0.4204925298690796,54.88000000000004,0.3665933609008789,,,23.0,0.6661686301231384,28.128,0.6156888008117676,20.160000000000007,0.9088078737258911,,0.8002064824104309,,,90.71999999999997,0.8436517119407654,56.000000000000014,0.9943986535072327,106.47000000000004,0.7661688923835754,58.86999999999998,0.7532675266265869,,,,,,,,,33.69333333333333,0.7525386214256287,,,,,,,,,,,,,,,,,,,,0.8793453574180603,64.736,0.6776332259178162,20.340000000000003,0.8553159832954407,,
1070110,27.940000000000005,0.6190077662467957,,,,,,,,,,,,,,,,,,,,,,,,,,,,,,,,,,,,,,,,,,,,,,,,,,,,,,,,,,,,,24.0,0.4391031265258789,26.97333333333333,0.34052741527557373,,,,,,0.6432498097419739
1070111,41.15999999999999,0.2572444677352905,40.459999999999994,0.28760218620300293,,,,,50.54000000000001,0.5069689750671387,,,,,,,,,,,,,111.99999999999991,0.7536391615867615,,,,,,,,,,,,,,,,,,,,,80.91999999999999,0.6415398120880127,,,,,,,,,,,,,,,26.97333333333333,0.45766502618789673,41.15999999999999,0.5740421414375305,21.0,0.5156000256538391,35.00000000000001,0.7071588635444641,90.71999999999997,0.7218514084815979,,0.420711874961853
1070112,32.256,0.6649138927459717,31.50000000000001,0.4148437976837158,28.000000000000007,,,,,,,,,,,,,,,,,,35.00000000000001,0.5606058835983276,,,,,,,,,,,,,,,,,,,,,111.99999999999991,0.9379993677139282,,,,,,,,,,,,,,,40.319999999999986,,,,,,80.91999999999999,0.6285398602485657,,,,0.4724358320236206
1070113,,,,,,,,,,,,,,,,,,,,,,,,,,,,,,,,,,,,,,,,,,,,,47.096,0.4401085376739502,,,,,,,,,,,,,,,71.68,0.38223934173583984,,,,,,,67.27000000000001,0.6171278357505798,,
1070114,56.75076923076924,0.5765382051467896,,,45.359999999999985,0.40597283840179443,,,28.000000000000007,,28.000000000000007,,,,17.436774193548388,0.5574546456336975,10.0,,,,50.54000000000001,0.5521217584609985,15.375,0.27659374475479126,,,,,,,,,,,,,,,,,,,,,40.459999999999994,0.8172029256820679,,,,,,,,,,,,,,,49.37333333333333,0.5750526785850525,101.07999999999991,0.634210467338562,54.88000000000004,0.5772911310195923,47.320000000000036,0.6272128224372864,,,,
1070115,16.940000000000005,,63.00000000000002,0.6381850242614746,15.773333333333339,0.8632307648658752,,,13.0,0.2155745029449463,,,63.00000000000002,0.588798463344574,45.359999999999985,0.5091331005096436,,,,,,,47.320000000000036,0.38084352016448975,,,,,,,,,,,,,,,,,,,,,50.54000000000001,0.628404974937439,,,,,,,,,,,,,,,,,,,45.359999999999985,0.6713551878929138,,,,,86.28666666666666,0.6473692655563354
1070117,37.03,0.5207393765449524,40.319999999999986,,,,,,45.17333333333334,0.2904513478279114,22.400000000000002,0.22157371044158936,18.0,0.2433009147644043,,,,,,,,,,,,,,,,,,,,,,,,,,,,,,,16.940000000000005,,,,,,,,,,,,,,,,15.773333333333339,0.15312838554382324,,,,,20.160000000000007,0.4214547276496887,23.660000000000004,0.5949518084526062,84.00000000000003,0.6979262828826904
1080101,,,,,17.0,0.23961734771728516,,,,,,,,,,,,,,,,,,,,,,,,,,,,,,,,,,,,,,,40.82399999999999,0.6329708099365234,,,,,,,,,,,,,,,,,,,42.875000000000014,0.48970937728881836,,,,,63.09333333333332,0.6791909337043762
1080102,123.47999999999988,0.6441026926040649,,,,,,,,0.8159788846969604,,,,0.6444123983383179,,,,0.8183159232139587,121.83500000000004,0.6361062526702881,49.37333333333333,0.8110637664794922,63.09333333333332,0.7861957550048828,,,,,,,,,,,,,,,,,,,,,,0.9164379239082336,,,,,,,,,,,,,,,,,50.54000000000001,0.6697664260864258,,,101.63999999999999,0.71962970495224,77.44000000000003,0.685644268989563,90.71999999999997,0.735920786857605
1080103,21.200000000000003,0.6089766621589661,,,,,,,,,,,,,,,,,,,,,43.56,0.5044524669647217,,,,,,,,,,,,,,,,,,,,,,,,,,,,,,,,,,,,,63.09333333333332,0.7919833064079285,,,89.69333333333331,0.6382554173469543,,,,,,
1080104,,0.8339699506759644,,,,,,,,,,,,,,,,,,,,,22.680000000000003,0.15422439575195312,,,,,,,,,,,,,,,,,,,,,90.71999999999997,0.5769203901290894,,,,,,,,,,,,,,,53.81600000000002,0.5898467898368835,,0.5763786435127258,31.546666666666678,0.6028044819831848,,0.5996203422546387,,,,
1080105,109.76000000000008,0.7251193523406982,,,,,,,,,,,,,,,,,,,,,53.760000000000005,0.56937575340271,,,,,,,,,,,,,,,,,,,,,14.000000000000004,,,,,,,,,,,,,,,,,,286.72,0.7794256210327148,,0.6148741841316223,,0.6197980046272278,,,,
1080106,,,14.000000000000004,,,,,,,,,,,,,,,,,,,,,,,,,,,,,,,,,,,,,,,,,,48.81230769230769,0.6876367926597595,,,,,,,,,,,,,,,,,38.332,0.6545313000679016,13.0,0.4334859251976013,,,40.319999999999986,,,
1080107,,,47.096,0.6163094639778137,87.50000000000001,0.615249514579773,,,,0.5856580138206482,80.91999999999999,0.679316520690918,47.64249113125739,0.5189725160598755,102.06,0.7756204605102539,,,,,30.870000000000005,0.6381337642669678,87.49999999999999,0.6375834345817566,87.374,0.5953250527381897,94.64000000000007,0.7505154609680176,,,,,,,,,,,,,,,,,78.49333333333335,0.7045590877532959,,,,,,,,,,,,,,,,,,,,,84.64,0.5373103022575378,,,50.40000000000002,0.6723526120185852
1080108,51.03,0.6621302962303162,10.0,,54.87999999999999,0.31922394037246704,,,61.74000000000001,0.6497787237167358,,,,,,,90.71999999999997,0.7533479928970337,,,,,63.00000000000002,0.4629785418510437,,,,,40.319999999999986,0.5876131057739258,35.84,0.6566370725631714,,,,,,,,,,,,,,,,,,,,,,,,,,,,,,,,,43.071666666666665,0.6454869508743286,15.375,0.6617236137390137,28.000000000000007,,,
1080109,84.70000000000003,0.673872172832489,,,,,,,,,,,,,,,,,,,,,,,,,,,,,,,,,,,,,,,,,,,,,,,,,,,,,,,,,,,,0.7359268069267273,,,,,,,,,,
1080110,29.624000000000006,0.5028137564659119,,,,,,,,,,,,,,,,,,,,,,,,,,,,,,,,,,,,,,,,,,,,,,,,,,,,,,,,,,,,,,,252.00000000000009,0.7357911467552185,,,,,,
1080111,63.00000000000002,0.4811951518058777,,,,,,,,,,,,,,,,,,,,,,,,,,,,,,,,,,,,,,,,,,,54.88000000000004,0.6456028819084167,,,,,,,,,,,,,,,54.88000000000004,0.5218567848205566,,,,,,,15.685185185185189,0.6119180917739868,,
1080112,,,56.000000000000014,0.8017247915267944,66.20727272727274,0.5772510766983032,26.126700507614217,0.44411611557006836,63.63636363636365,0.5361010432243347,174.9999999999999,0.6855815052986145,41.15999999999999,0.43638718128204346,87.39111111111114,0.6910589933395386,,,101.07999999999991,0.5755430459976196,,,40.319999999999986,,,,,,,,,,,,,,,,,,,,,,54.88000000000004,0.2647526264190674,,,,,,,,,,,,,,,33.879999999999995,,,,,,,,18.293333333333333,0.520966649055481,67.24,0.6903613209724426
1080113,,,95.57333333333334,0.6761977076530457,,0.9316498041152954,,,,0.6977490186691284,101.08000000000003,0.6008842587471008,156.89333333333346,0.6502504348754883,45.17333333333334,0.45686089992523193,,,30.240000000000013,0.5911164283752441,,,,,,,,,53.760000000000005,0.6978026032447815,54.88000000000004,0.709561824798584,90.97200000000002,0.640607476234436,72.21052631578947,0.5985273122787476,,,,,,,,,,,,,,,,,,,,,,,,,19.946666666666665,0.6631409525871277,,,27.439999999999994,0.8496394157409668,109.76000000000008,0.7349929809570312,,,,
1080114,43.903999999999996,0.6482025980949402,,,45.17333333333334,0.43891096115112305,,,,,,,,,,,,,,,,,40.319999999999986,,,,,,,,,,,,,,,,,,,,,,,,,,,,,,,,,,,,,,,,,,25.270000000000007,0.24768733978271484,73.17333333333337,0.7285825610160828,,,,
1080201,13.970000000000002,,,,,,,,,,,,,,,,,,,,,,33.44,0.6135749816894531,,,,,,,,,,,,,,,,,,,,,36.298165137614674,0.715276300907135,,,,,,,,,,,,,,,16.0,0.3705652952194214,26.97333333333333,0.3940901756286621,27.104,0.4279893636703491,50.54000000000001,0.6493943929672241,,,,
1080202,15.773333333333339,0.43941736221313477,,,,,,,,,,,,,,,,,,,,,47.0,0.7084439992904663,,,,,,,,,,,,,,,,,,,,,67.75999999999999,0.8018434643745422,,,,,,,,,,,,,,,54.88000000000004,0.8440901637077332,37.85600000000001,0.8245658874511719,,,27.104,0.4355623126029968,16.0,0.16296690702438354,,
1080203,40.319999999999986,,,,,,,,,,,,,,,,,,,,,,22.0,0.2655360698699951,,,,,,,,,,,,,,,,,,,,,40.319999999999986,,,,,,,,,,,,,,,,27.439999999999994,0.6475861668586731,,,24.0,0.44291114807128906,,,20.160000000000007,,,
1080301,,,,,,,,,,,,,,,,,,,,,,,,,,,,,,,,,,,,,,,,,,,,,,,,,,,,,,,,,,,,,63.00000000000002,0.7386746406555176,,,,,,,,,,
1080302,54.88000000000004,0.3045843839645386,30.240000000000013,0.4895440340042114,30.870000000000005,0.32487785816192627,161.28000000000014,0.6708574295043945,71.68,0.598426103591919,,,47.32000000000001,0.7957334518432617,35.84,0.20889627933502197,47.32000000000001,0.5811396241188049,33.88000000000001,0.36207348108291626,18.0,0.011651396751403809,,,,,,,,,,,,,,,,,,,,,,,10.0,,,,,,,,,,,,,,,,,,,,17.92,0.5524719953536987,,,90.71999999999997,0.8051165342330933,40.320000000000014,0.4803107678890228
1080303,47.096,0.6887548565864563,28.000000000000007,,23.250000000000007,0.5742564797401428,,,31.50000000000001,0.827408492565155,,,,,,,,,,,,,32.256,0.7114948630332947,,,,,,,,,,,,,,,,,,,,,,,,,,,,,,,,,,,,,,0.6669467687606812,,,,,,,27.439999999999994,0.4165109395980835,,
1080304,,,50.54000000000001,0.4276294708251953,63.00000000000002,0.7642986178398132,,,,,,,,,,,,,,,,,,,,,,,,,,,,,,,,,,,,,,,,,,,,,,,,,,,,,,,,,,,,,,,,,20.160000000000007,0.4388121962547302
1080305,,,,,,,,,,,,,,,,,,,,,,,63.00000000000002,0.6330543756484985,,,,,,,,,,,,,,,,,,,,,63.00000000000002,0.5791394710540771,,,,,,,,,,,,,,,33.879999999999995,,,,,,,,,,,
1080306,28.000000000000007,,71.68,0.5629146099090576,,,,,,,,,,,35.0,0.43410930037498474,,,,,,,45.17333333333334,0.624925971031189,,,,,,,,,,,,,,,,,,,,,,,,,,,,,,,,,,,,,,0.48662441968917847,,,,,13.970000000000002,,28.000000000000007,,,
1080307,40.319999999999986,,,0.5231989622116089,33.879999999999995,,,,,,,,,,,,,,,,,,,0.3612268567085266,,,,,,,,,,,,,,,,,,,,,,,,,,,,,,,,,,,,,,,47.32000000000001,0.6029453873634338,16.080000000000005,,,,18.293333333333333,0.6533757448196411,12.27246913580247,
1080308,73.17333333333337,0.5965070128440857,,,,,,,,,,,,,,,,,,,,,43.903999999999996,0.48046961426734924,,,,,,,,,,,,,,,,,,,,,16.940000000000005,,,,,,,,,,,,,,,,,,,,,,,,,,,
1080401,86.28666666666666,0.59441739320755,,,,,,,,,,,,,,,,,,,,,28.000000000000007,0.5016384124755859,,,,,,,,,,,,,,,,,,,,,50.54000000000001,0.3076515197753906,,,,,,,,,,,,,,,33.64,0.5222210884094238,67.27000000000001,0.6260927319526672,45.17333333333334,0.44956541061401367,26.97333333333333,0.3934473991394043,,,,
1080402,40.82399999999999,0.6356282830238342,,,,,,,,,,,,,,,,,,,,,94.64000000000007,0.7353136539459229,,,,,,,,,,,,,,,,,,,,,22.228387962430517,0.5943933129310608,,,,,,,,,,,,,,,43.74999999999999,0.6418828368186951,32.0,0.7856538891792297,31.50000000000001,0.7809985876083374,,,,,,
1080403,42.44712990936556,0.4453762471675873,40.319999999999986,0.4548501968383789,,,,,,,,,,,,,,,,,,,61.74000000000001,0.4237404465675354,,,,,,,,,,,,,,,,,,,,,27.439999999999994,0.5553067326545715,,,,,,,,,,,,,,,23.893333333333334,0.7676994800567627,35.00000000000001,0.46822676062583923,,,11.0,,28.08,0.4637877941131592,24.552,0.5486647486686707
1080404,36.000000000000014,0.4240497052669525,28.000000000000007,,29.0,0.3286851942539215,49.391999999999996,0.6173714995384216,40.320000000000014,0.45589545369148254,67.76000000000002,0.6010953783988953,47.320000000000036,0.7190592885017395,32.8925704809287,0.7280242443084717,28.000000000000007,,22.135000000000005,0.43628787994384766,,,49.37333333333333,0.866814136505127,,,,,,,,,,,,,,,,,,,,,,,,,,,,,,,,,,,,,,,54.87999999999999,0.46775388717651367,25.307692307692307,0.6889834403991699,,,67.75999999999999,0.6874042749404907,33.879999999999995,
1080405,,,,,,,,,,,,,,,,,,,,,,,,,,,,,,,,,,,,,,,,,,,,,,,,,,,,,,,,,,,,,,,,,,,,,,,,
1080406,101.08000000000003,0.5651340484619141,,,28.000000000000007,,,,,,,,,,,,,,,,,,80.63999999999997,0.4546046257019043,,,,,,,,,,,,,,,,,,,,,54.88000000000004,0.42771220207214355,,,,,,,,,,,,,,,,,,,43.74999999999999,0.6941895484924316,71.68,0.26107174158096313,50.54000000000001,0.43501269817352295,,
1080407,14.000000000000004,,123.47999999999988,0.6000272631645203,,,,,,,,,,,,,,,,,,,,,,,,,,,,,,,,,,,,,,,,,12.000000000000002,,,,,,,,,,,,,,,,37.85600000000001,0.687637984752655,,0.7092979550361633,35.84,0.7587572932243347,65.99999999999996,0.7837769985198975,,,31.50000000000001,0.790581464767456
1080408,,,90.71999999999997,0.3282501697540283,,,,,,,63.09333333333332,0.6970207095146179,,,,,,,,,,,11.293333333333335,,,,,,,,,,,,,,,,,,,,,,,,,,,,,,,,,,,,,,,,80.91999999999999,0.8456280827522278,,,61.74000000000001,0.7216812372207642,,,,
1080409,,,,,,,,,,,,,,,,,,,,,,,,0.2671881914138794,,,,,,,,,,,,,,,,,,,,,,,,,,,,,,,,,,,,,30.240000000000013,0.6043469905853271,,,,,,,,,,
1080410,47.320000000000036,0.661690354347229,45.359999999999985,0.613737940788269,38.86284722222222,0.6464269757270813,83.50363636363637,0.67665696144104,,,,,63.00000000000002,0.8463939428329468,,,45.359999999999985,0.783469557762146,,,76.23,0.7889531254768372,57.34400000000001,0.6600553393363953,24.0,0.4753967821598053,41.15999999999999,0.9034610390663147,,,,,,,,,,,,,,,,,,,,,,,,,,,,,,,,,,,19.76531914893617,0.6925392150878906,31.58108108108108,0.6183216571807861,,,,0.5710964202880859,,
1080411,123.47999999999988,0.49274396896362305,41.15999999999999,0.5684837102890015,,,,,,,,,,,,,,,,,,,,,,,,,,,,,,,,,,,,,,,,,,,,,,,,,,,,,,,,,50.54000000000001,0.5071223378181458,63.00000000000002,0.48014551401138306,23.893333333333334,0.31410253047943115,,,,,28.000000000000007,
1080412,,,53.23499999999999,0.4622562825679779,80.63999999999997,0.688542366027832,,,54.87999999999999,0.6887826919555664,135.52000000000015,0.4782135486602783,,,,,,,,,,,,,,,,,,,,,,,,,,,,,,,,,,,,,,,,,,,,,,,,,26.52,0.43386194109916687,29.3887987012987,0.6095033884048462,,,,,72.57600000000004,0.6399855613708496,28.000000000000007,
1080413,20.0,0.12388896942138672,54.88000000000004,0.7997671961784363,,,,,,,,,,,,,,,,,,,40.459999999999994,0.6773245334625244,,,,,,,,,,,,,,,,,,,,,52.828402366863905,0.686448335647583,,,,,,,,,,,,,,,74.05999999999996,0.536943256855011,,,40.96000000000001,0.6769764423370361,40.82399999999999,0.5322361588478088,68.04,0.6619895696640015,24.01960784313726,0.44662168622016907
1080414,58.33333333333334,0.6850120425224304,,,,,,,,,,,,,,,,,,,,,117.73999999999997,0.6756697297096252,,,,,,,,,,,,,,,,,,,,,23.660000000000004,0.4482851028442383,,,,,,,,,,,,,,,37.333333333333336,0.7620916962623596,12.72,,47.78666666666667,0.49907779693603516,,,,,,
1080415,31.546666666666678,0.6076175570487976,54.88000000000004,0.8561753034591675,28.000000000000007,0.6786260604858398,80.91999999999999,0.809248149394989,87.50000000000006,0.6470354199409485,33.879999999999995,,56.000000000000014,0.5812733769416809,20.229999999999997,0.52041095495224,34.0,0.5379283428192139,15.069948186528496,0.9334105253219604,135.52000000000015,0.45104753971099854,70.56000000000003,0.6852350831031799,,,,,,,,,,,,,,,,,,,,,54.88000000000004,0.5140361785888672,,,,,,,,,,,,,,,,,,,44.77425806451614,0.7464399337768555,,,,,73.17333333333337,0.6829550862312317
1080416,,,,,,,,,,,,,,,,,,,,,,,28.000000000000007,,,,,,,,,,,,,,,,,,,,,,,,,,,,,,,,,,,,,,27.439999999999994,0.3534409999847412,,,,,,,,,,
1080417,,0.7469276189804077,103.0866666666667,0.6172492504119873,23.250000000000007,0.6951658129692078,,0.2800002098083496,49.37333333333333,0.6547908186912537,33.879999999999995,,,,,,71.68,0.5903255939483643,,,,0.7810186147689819,,,53.23499999999999,0.5799919366836548,23.660000000000004,0.8639334440231323,,,,,,,,,,,,,,,,,,,,,,,,,,,,,,,,,,,12.0,,,,27.708333333333336,0.6018564701080322,26.044666666666664,0.6268846988677979,50.40000000000002,0.3813035488128662
1080418,,,,,,,,,,,,,,,,,,,,,,,84.00000000000003,0.5212422609329224,,,,,,,,,,,,,,,,,,,,,33.0,0.5539401769638062,,,,,,,,,,,,,,,,,30.31585423225853,0.686574399471283,33.879999999999995,,22.848,0.2678675055503845,,,,
1080419,,,,,40.319999999999986,,102.06,0.7178542017936707,56.000000000000014,0.8222428560256958,68.03999999999998,0.6829797625541687,,,,,,,,,,,,0.5663686990737915,,,,,,,,,,,,,,,,,,,,,49.37333333333333,0.6978940963745117,,,,,,,,,,,,,,,,,50.54000000000001,0.5407516360282898,,0.8025585412979126,53.760000000000005,0.6129510998725891,54.76000000000002,0.7399981617927551,,
1080420,37.03,0.4759596288204193,,0.6863083839416504,,,21.608108108108105,0.3788476884365082,,,,,,,,,,,,,,,,,,,,,,,,,,,,,,,,,,,,,,0.80620938539505,,,,,,,,,,,,,,,111.99999999999991,0.8073775768280029,31.50000000000001,0.4514368176460266,23.0,0.5990079045295715,,,,,16.940000000000005,
1080422,,,23.893333333333334,0.43110543489456177,80.91999999999999,0.5478649139404297,35.84,0.7657022476196289,,,31.50000000000001,0.7646719813346863,,,,,,,,,,,53.760000000000005,0.4935966730117798,,,,,,,,,,,,,,,,,,,,,,,,,,,,,,,,,,,,,18.072000000000003,0.18632590770721436,50.54000000000001,0.6821404099464417,15.773333333333339,0.2562958002090454,54.76000000000002,0.6841651797294617,,,35.66924050632911,0.4090549945831299
1080426,56.02153846153847,0.6315402984619141,,,,,28.000000000000007,0.2873433232307434,,,35.84,0.3846108913421631,25.270000000000007,0.658595085144043,,,,,,,,,33.69333333333333,0.4826374053955078,,,,,,,,,,,,,,,,,,,,,,,,,,,,,,,,,,,,,90.97200000000002,0.6917031407356262,,,,,,,,,37.333333333333336,0.40828025341033936
1090101,53.23499999999999,0.5368995070457458,53.760000000000005,0.6157470345497131,,,,,,,,,,,,,,,,,,,88.60727272727276,0.6686846017837524,,,,,,,,,,,,,,,,,,,,,,0.8139972686767578,,,,,,,,,,,,,,,,,53.23499999999999,0.6403397917747498,58.33333333333334,0.4656946659088135,,,65.83111111111113,0.6809400916099548,40.459999999999994,0.7413400411605835
1090102,269.08000000000027,0.5350156426429749,,,,,,,,,,,,,,,,,,,,,109.76000000000008,0.8092089295387268,,,,,,,,,,,,,,,,,,,,,,,,,,,,,,,,,,,,,60.480000000000025,0.5358998775482178,33.879999999999995,,58.86999999999998,0.6440042853355408,33.88000000000001,0.7116438150405884,,,,
1090103,,,21.200000000000003,0.23339837789535522,67.78846153846153,0.6352072358131409,31.50000000000001,0.3768376111984253,,0.8013777732849121,,,56.000000000000014,0.5503760576248169,37.03,0.5631647706031799,40.319999999999986,,33.879999999999995,,50.40000000000002,0.6348967552185059,,,27.439999999999994,0.3720426559448242,37.333333333333336,0.7981758713722229,37.333333333333336,0.4494163990020752,90.71999999999997,0.4327390789985657,,,,,,,,,,,,,,,,,,,,,,,,,,,,,,,47.096,0.5673251152038574,35.84,0.625086784362793,61.74000000000001,0.5051189661026001,,,,
1090104,148.12000000000012,0.737058162689209,40.319999999999986,,41.15999999999999,0.548246443271637,,,,,,,,,,,,,,,,,14.000000000000004,,,,,,,,,,,,,,,,,,,,,,59.24800000000001,0.7729591131210327,,,,,,,,,,,,,,,90.34666666666668,0.6752575635910034,,0.5793893933296204,89.60000000000001,0.6155135631561279,102.06,0.8471447825431824,9.449135802469137,,,
1090105,47.320000000000036,0.6463783979415894,,,54.88000000000004,0.4401731491088867,,,40.459999999999994,0.7243682742118835,,,,,,,,,,,,,,,,,,,,,,,,,,,,,,,,,,,,,,,,,,,,,,,,,,,30.240000000000013,0.5865886211395264,94.64000000000007,0.7034593224525452,111.99999999999991,0.7970012426376343,50.54000000000001,0.5207421183586121,174.9999999999999,0.5591291785240173,39.000000000000014,0.36645615100860596
1090106,,,,,,,,,,,,,,,,,,,,,,,74.05999999999996,0.5703331828117371,,,,,,,,,,,,,,,,,,,,,,,,,,,,,,,,,,,,,,,,,,,,,,,,
1090107,80.91999999999999,0.8656973242759705,,,,,,,,,,,,,,,,,,,,,84.03500000000003,0.5622520446777344,,,,,,,,,,,,,,,,,,,,,111.99999999999991,0.6099526882171631,,,,,,,,,,,,,,,30.870000000000005,0.5290600657463074,37.333333333333336,0.35453474521636963,56.000000000000014,0.6949320435523987,,,,,,
1090109,60.984000000000016,0.670954704284668,,,,,,,,,,,,,,,,,,,,,,,,,,,,,,,,,,,,,,,,,,,,,,,,,,,,,,,,,,,,,,,,,,,,,,
1090110,10.0,,33.879999999999995,,,,47.320000000000036,0.44360899925231934,,,,,,,,,,,,,,,,,,,,,,,,,,,,,,,,,,,,,35.84,0.3667083978652954,,,,,,,,,,,,,,,31.679999999999993,0.611754298210144,,,,0.47283968329429626,26.091634615384613,0.5678925514221191,60.648,0.5455973744392395,,0.29887866973876953
1090111,71.68,0.9548532366752625,,,,,,,,,,,,,,,,,,,,,,,,,,,,,,,,,,,,,,,,,,,,,,,,,,,,,,,,,,,89.69333333333331,0.576742947101593,,,,,,,,,,
1090112,20.160000000000007,,,,,,,1.0124716758728027,,,,,,,,,,,,,,,,,,,,,,,,,,,,,,,,,,,,,,,,,,,,,,,,,,,,,123.47999999999988,0.625971794128418,,,47.32000000000001,0.4651283323764801,29.16666666666667,0.5730276703834534,47.320000000000036,0.5590341091156006,,
1090113,46.239999999999995,0.6460188031196594,,,,,,,,,,,,,,,,,,,,,33.879999999999995,,,,,,,,,,,,,,,,,,,,,,,,,,,,,,,,,,,,,,,0.7390409708023071,,,,,,,,,,
1090114,,,16.940000000000005,,,0.6327043175697327,,,,,,,,,,,,,,,,,28.000000000000007,,,,,,,,,,,,,,,,,,,,,,40.320000000000014,0.5943678021430969,,,,,,,,,,,,,,,,,,,50.54000000000001,0.6109142899513245,54.88000000000004,0.4250560998916626,,,,
1090115,35.84,0.7658191919326782,,,,,,,,,,,,,,,,,,,,,152.46000000000015,0.7292630672454834,,,,,,,,,,,,,,,,,,,,,35.84,0.46011483669281006,,,,,,,,,,,,,,,25.0,0.6967170834541321,,,,,,,,,,
1100101,,,,,,,,,,,,,,,,,,,,,,,31.546666666666678,0.5408232808113098,,,,,,,,,,,,,,,,,,,,,,,,,,,,,,,,,,,,,,,,0.5705497860908508,,,40.320000000000014,0.6499414443969727,,,,
1100102,,,49.37333333333333,0.674907386302948,22.293333333333337,0.6629734039306641,50.40000000000002,0.5018932819366455,,0.6416320204734802,18.293333333333333,0.24474596977233887,,,,,,,,,,,,,,,,,,,,,,,,,,,,,,,,,,,,,,,,,,,,,,,,,23.660000000000004,0.6047711372375488,62.720000000000006,0.758771538734436,28.000000000000007,,,,,,68.03999999999998,0.6701312065124512
1100103,80.86400000000003,0.7474544048309326,80.91999999999999,0.5022403597831726,,,,,,,,,,,,,,,,,,,,,,,,,,,,,,,,,,,,,,,,,,,,,,,,,,,,,,,,,10.0,,,,,,,0.5681966543197632,,,,
1100104,47.78666666666667,0.47567519545555115,,,14.38666666666667,0.6897771954536438,,,,,,,56.229090909090914,0.7157525420188904,,0.6881054639816284,,,,,,,,,,,,,,,,,,,,,,,,,,,,,54.88000000000004,0.42345380783081055,,,,,,,,,,,,,,,,,,,,,12.72,,,,74.05999999999996,0.679249107837677
1100105,,,,,47.0,0.4477287828922272,,0.22303438186645508,,,,,,,,,,,,,,,,,,,,,,,,,,,,,,,,,,,,,,0.7167544960975647,,,,,,,,,,,,,,,,,33.879999999999995,0.7560407519340515,,,,,45.359999999999985,0.5055374503135681,,
1100106,53.760000000000005,0.5709030628204346,,,,,,,,,,,,,,,,,,,,,47.320000000000036,0.482175350189209,,,,,,,,,,,,,,,,,,,,,,,,,,,,,,,,,,,,,,,28.000000000000007,,,,,,,,52.87313432835821,0.5339948534965515
1100107,,,,,,,,,,,,,,,,,,,,,,,94.3157894736842,0.659973680973053,,,,,,,,,,,,,,,,,,,,,,,,,,,,,,,,,,,,,,,,,,,,,,,,
1100108,87.50000000000006,0.6933948397636414,,,,,,,,,,,,,,,,,,,,,54.88000000000004,0.7726620435714722,,,,,,,,,,,,,,,,,,,,,111.99999999999991,0.930018424987793,,,,,,,,,,,,,,,67.75999999999999,0.7625679969787598,,,,,,,,,,
1100109,,,,,71.68,0.5206664800643921,,,,,,,,,,,,,,,,,47.320000000000036,0.7285430431365967,,,,,,,,,,,,,,,,,,,,,10.0,,,,,,,,,,,,,,,,31.0,0.49035215377807617,,,,0.5285471677780151,,,,,,
1100110,40.319999999999986,,,,,,,,,,,,,,,,,,,,,,38.93750000000001,0.44211438298225403,,,,,,,,,,,,,,,,,,,,,,,,,,,,,,,,,,,,,45.359999999999985,0.3070390224456787,54.87999999999999,0.42734721302986145,,,,,71.68,0.7029200792312622,152.46000000000015,0.5320361256599426
1100111,40.319999999999986,,,,,,,,,,,,,,,,,,,,,,21.986666666666665,0.8078235983848572,,,,,,,,,,,,,,,,,,,,,47.320000000000036,0.5170503854751587,,,,,,,,,,,,,,,,,45.17333333333334,0.8231750726699829,17.92,0.3435441255569458,,0.8139761090278625,18.330000000000002,0.7283987998962402,63.00000000000002,0.44040435552597046
1100112,,,,,,,,,,,,,,,,,,,,,,,,,,,,,,,,,,,,,,,,,,,,,107.89333333333332,0.7030256390571594,,,,,,,,,,,,,,,,,,,,,,,,,,
1100114,16.940000000000005,,,,,,,,,,,,,,,,,,,,,,36.00000000000001,0.7536025047302246,,,,,,,,,,,,,,,,,,,,,71.68,0.6298863291740417,,,,,,,,,,,,,,,,,,,,,,,,,,
1100115,,,12.72,,,,20.72,0.7253730297088623,63.999999999999986,0.6554465889930725,77.77777777777776,0.7275254130363464,,,,,,,,,,,109.76000000000008,0.6975423693656921,,,,,,,,,,,,,,,,,,,,,,,,,,,,,,,,,,,,,76.39578947368423,0.6577874422073364,30.240000000000013,0.4653521776199341,40.319999999999986,,28.000000000000007,,,,,
1100116,,,,,,,,,,,,,,,,,,,,,,,60.480000000000025,0.6831532120704651,,,,,,,,,,,,,,,,,,,,,47.320000000000036,0.6125093102455139,,,,,,,,,,,,,,,,,28.000000000000007,,,,,,,,,
1100117,38.14047400611621,0.6772607564926147,,,,,,,,,,,,,,,,,,,,,,,,,,,,,,,,,,,,,,,,,,,47.320000000000036,0.5037729144096375,,,,,,,,,,,,,,,33.88000000000001,0.6647543907165527,45.359999999999985,0.7225062847137451,44.92307692307692,0.598373532295227,16.940000000000005,,,,,
1100118,,,,,,,,,,,,,,,,,,,,,,,20.0,0.5163227915763855,,,,,,,,,,,,,,,,,,,,,,,,,,,,,,,,,,,,,,,,,,,,,,,,
1100119,33.69333333333333,0.5948018431663513,,,,,,,,,,,,,,,,,,,,,,,,,,,,,,,,,,,,,,,,,,,101.07999999999991,0.35779833793640137,,,,,,,,,,,,,,,,,18.330000000000002,0.6867712736129761,,0.5463889837265015,,,107.52000000000001,0.6400575637817383,,
1110133,24.695999999999998,0.7456737756729126,,,,,,,,,,,,,,,,,,,,,114.26545454545455,0.7380952835083008,,,,,,,,,,,,,,,,,,,,,,,,,,,,,,,,,,,,,46.239999999999995,0.6794435381889343,,,,,,,,,,
1110134,44.0,0.5122606754302979,40.319999999999986,,,,12.000000000000002,,28.000000000000007,,,,,,,,,,,,,,33.879999999999995,,,,,,,,,,,,,,,,,,,,,,,,,,,,,,,,,,,,,,23.893333333333334,0.40013933181762695,,,40.319999999999986,,,,28.729999999999997,0.6909184455871582,35.84,0.49899810552597046
1110135,,0.7741222381591797,,,,,,,,,,,,,,,,,,,,,74.66666666666667,0.6583976149559021,,,,,,,,,,,,,,,,,,,,,54.88000000000004,0.41444873809814453,,,,,,,,,,,,,,,,0.8319233655929565,43.56,0.515487790107727,28.000000000000007,,33.879999999999995,,12.72,,,
1110136,80.91999999999999,0.5788793563842773,,,,,,,,,,,,,,,,,,,,,,,,,,,,,,,,,,,,,,,,,,,29.16,0.5894743800163269,,,,,,,,,,,,,,,38.115,0.7139931321144104,37.85600000000001,0.45407676696777344,,0.7595785856246948,,,,,,
1110137,60.984000000000016,0.49470195174217224,,,,,,,,,,,,,,,,,,,,,54.88000000000004,0.47100210189819336,,,,,,,,,,,,,,,,,,,,,,,,,,,,,,,,,,,,,,,,,,,,,,,,
1110138,,,,0.64121413230896,,0.7172493934631348,41.51976709843467,0.611802875995636,92.5880829015544,0.6029682159423828,28.000000000000007,,,0.7203636169433594,47.78666666666667,0.6398777365684509,,,78.49333333333335,0.5645729899406433,,,45.17333333333334,0.7311911582946777,34.98222222222223,0.6486420035362244,,,,,33.879999999999995,,35.84,0.8060901165008545,68.79398080837453,0.6854181885719299,,,223.99999999999983,0.7325138449668884,,,,,,,,,,,,,,,,,,,,,47.320000000000036,0.6269604563713074,80.63999999999997,0.6442123055458069,30.870000000000005,0.28073352575302124,25.44,0.6521243453025818,14.000000000000004,,33.0,0.5818485617637634
1110139,,0.40698838233947754,,,,,,,,,57.34400000000001,0.458784818649292,,,,,11.0,,16.14666666666667,0.5331466197967529,,,53.81600000000002,0.40947553515434265,,,,,,,,,,,,,,,,,,,,,,,,,,,,,,,,,,,,,20.160000000000007,,58.33333333333334,0.46335312724113464,,,111.99999999999991,0.7470733523368835,,0.9054995775222778,63.00000000000002,0.7302974462509155
1110140,23.660000000000004,0.48821407556533813,,,,,85.17600000000002,0.67674320936203,29.745333333333328,0.7878323197364807,,,,,33.879999999999995,,,,,,,,28.000000000000007,,,,,,,,,,,,,,,,,,,,,,,,,,,,,,,,,,,,,,89.69333333333331,0.4195857048034668,,,,,,,58.47234378970551,0.6001452207565308,36.144000000000005,0.351632684469223
1110141,,,,,40.319999999999986,,,,45.359999999999985,0.43145185708999634,,,27.940000000000005,0.3005717992782593,,,,,,,,,35.00000000000001,0.6324700713157654,,,,,,,,,,,,,,,,,,,,,127.77333333333341,0.7318105697631836,,,,,,,,,,,,,,,72.57600000000004,0.7506688237190247,18.293333333333333,0.47854310274124146,73.17333333333337,0.6027241945266724,63.63636363636365,0.5798380374908447,,,60.480000000000025,0.8033934235572815
1110142,31.270993377483443,0.4912949502468109,35.84,0.49092069268226624,,,80.91999999999999,0.7265195846557617,38.66666666666667,0.45749759674072266,35.84,0.8115893006324768,,,,,,,,,,,,,,,,,,,,,,,,,,,,,,,,,54.88000000000004,0.826849102973938,,,,,,,,,,,,,,,47.613821138211385,0.699694812297821,181.43999999999994,0.5636961460113525,50.40000000000002,0.5500375628471375,117.73999999999997,0.7846121788024902,28.000000000000007,0.3734399080276489,50.40000000000002,0.6599381566047668
1110143,23.660000000000004,0.7575857639312744,,,,,,,,,,,,,,,,,,,,,56.000000000000014,0.6341961026191711,,,,,,,,,,,,,,,,,,,,,33.69333333333333,0.37779712677001953,,,,,,,,,,,,,,,45.329268292682926,0.7373939156532288,,0.6444947719573975,,0.41668838262557983,16.14666666666667,0.6024094820022583,30.240000000000013,0.8721680641174316,,
1110144,,,54.88990825688073,0.5844369530677795,90.71999999999997,0.6942597031593323,13.970000000000002,,,,,,,,,,,,,,,,73.17333333333333,0.752131998538971,,,,,,,,,,,,,,,,,,,,,,0.728434681892395,,,,,,,,,,,,,,,,0.49712491035461426,56.000000000000014,0.5933109521865845,,,,,,,33.879999999999995,
1110145,37.333333333333336,0.7006955146789551,90.71999999999997,0.463664174079895,26.880000000000003,0.33046942949295044,,,,,,,,,,,,,,,,,124.57279749970516,0.6887471079826355,,,,,,,,,,,,,,,,,,,,,,,,,,,,,,,,,,,,,,,53.94666666666666,0.8532944321632385,20.229999999999997,0.40334296226501465,23.660000000000004,0.7029982805252075,60.480000000000025,0.6872013211250305,25.70754716981132,0.6016150712966919
1110146,,,,0.5901358723640442,67.27000000000001,0.5907071828842163,40.319999999999986,,,,41.15999999999999,0.48265278339385986,27.0,0.311465859413147,,,,,,,,,20.160000000000007,,,,,,,,,,,,,,,,,,,,,,,,,,,,,,,,,,,,,,,0.8106608986854553,35.84,0.6017237901687622,16.940000000000005,0.685447096824646,33.64,0.3303321301937103,149.33333333333343,0.49368563294410706,,
1110147,33.69333333333333,0.24244022369384766,,,,,,,,,,,,,,,,,,,,,30.240000000000013,0.7088905572891235,,,,,,,,,,,,,,,,,,,,,,,,,,,,,,,,,,,,,40.319999999999986,,47.01092734341778,0.6944628953933716,43.56,0.7681448459625244,67.29411764705884,0.6740623712539673,74.66666666666667,0.597629725933075,56.000000000000014,0.6396369934082031
1110148,,0.7749375700950623,16.0,0.24325406551361084,,,,,,,,,,,,,,,,,,,25.763513513513512,0.5276407599449158,,,,,,,,,,,,,,,,,,,,,38.115,0.4746217727661133,,,,,,,,,,,,,,,,0.8375204205513,,,,,,,23.660000000000004,0.40838009119033813,,
1110149,45.359999999999985,0.5398511290550232,,,,,,,,,,,,,,,,,,,,,80.91999999999999,0.4212355613708496,,,,,,,,,,,,,,,,,,,,,,,,,,,,,,,,,,,,,,,,,,,,,,,,
1110150,47.320000000000036,0.6616145372390747,,,,,,,,,,,,,,,,,,,,,,,,,,,,,,,,,,,,,,,,,,,,,,,,,,,,,,,,,,,,,,,,,,,,,,
1110151,,,80.91999999999999,0.5083820223808289,34.67283950617284,0.7221101522445679,40.459999999999994,0.564179539680481,,,,,14.000000000000004,,,,42.59111111111112,0.5921229124069214,26.027542372881356,0.47706589102745056,,,54.87999999999999,0.4278675615787506,,,,,,,,,,,,,,,,,,,,,,,,,,,,,,,,,,,,,,,,,16.940000000000005,,63.00000000000002,0.568845272064209,48.934754131398634,0.5363946557044983,18.293333333333333,0.4724798798561096
1110152,130.96232591358174,0.6801856160163879,27.104,0.732084333896637,,,,,14.000000000000004,,,,,,,,,,,,,,56.000000000000014,0.5909842252731323,,,,,,,,,,,,,,,,,,,,,96.33272727272727,0.6405685544013977,,,,,,,,,,,,,,,40.459999999999994,0.6108074188232422,22.135000000000005,0.5112369060516357,123.47999999999988,0.5619686841964722,49.37333333333333,0.6105388402938843,35.84,0.362024188041687,63.00000000000002,0.7925602197647095
1110153,309.2600000000004,0.6373973488807678,,,,,,,,,,,,,,,,,,,,,25.00773195876289,0.5107560753822327,,,,,,,,,,,,,,,,,,,,,80.91999999999999,0.4616515040397644,,,,,,,,,,,,,,,40.319999999999986,,,0.5190305709838867,,,,,,,,
1110154,64.715,0.6098058819770813,,,,,,,,,,,,,,,,,,,,,78.49333333333335,0.34844908118247986,,,,,,,,,,,,,,,,,,,,,37.333333333333336,0.4366340637207031,,,,,,,,,,,,,,,101.07999999999991,0.5887139439582825,135.52000000000015,0.6955562233924866,28.729999999999997,0.6732382774353027,,,,,,
1110156,,,61.85200000000001,0.6118395328521729,,,62.720000000000006,0.5264232158660889,16.940000000000005,,90.71999999999997,0.4265611171722412,,,70.35227272727272,0.5846099257469177,26.97333333333333,0.668194591999054,47.78666666666667,0.6090047359466553,78.49333333333335,0.49208804965019226,,,31.50000000000001,0.42244482040405273,,,,,,,,,,,,,,,,,,,41.15999999999999,0.43445950746536255,,,,,,,,,,,,,,,31.50000000000001,0.30113643407821655,67.22800000000001,0.6541826128959656,26.159999999999993,,37.85600000000001,0.5321149230003357,,,,
1110158,,,,,30.870000000000005,0.8098800778388977,80.91999999999999,0.6359222531318665,,,126.00000000000004,0.626514732837677,,,,,53.760000000000005,0.6186307668685913,,,47.320000000000036,0.7721339464187622,73.96000000000002,0.7007430195808411,33.879999999999995,,27.439999999999994,0.5672994256019592,,,12.0,,40.319999999999986,,,,11.0,,61.74000000000001,0.605302095413208,85.12,0.6303796172142029,,,50.54000000000001,0.7567434310913086,,,,,,,,,,,,,,,,,,,,,71.0547184773989,0.6583196520805359,20.160000000000007,,,
1110159,13.970000000000002,,,,,,,,,,,,,,,,,,,,,,,,,,,,,,,,,,,,,,,,,,,,13.970000000000002,,,,,,,,,,,,,,,,23.893333333333334,0.9658370614051819,,,,,,,,,,
1110160,54.88000000000004,0.7397785186767578,,,,,,,,,,,,,,,,,,,,,,,,,,,,,,,,,,,,,,,,,,,,,,,,,,,,,,,,,,,40.319999999999986,,,,,,,,,,,
1110201,35.84,0.35908961296081543,20.160000000000007,,23.660000000000004,0.7814918160438538,27.439999999999994,0.7567107081413269,,0.5309016704559326,,,20.160000000000007,,101.07999999999991,0.6327584385871887,,,40.82399999999999,0.5522747039794922,26.880000000000003,0.5824970006942749,,,,,76.66400000000004,0.6110817790031433,126.00000000000004,0.6653880476951599,,,,,,,30.240000000000013,0.42736297845840454,33.879999999999995,,28.0,0.35928380489349365,38.115,0.498841792345047,,,,,,,,,53.81600000000002,0.3631308078765869,54.88000000000004,0.5592865943908691,40.319999999999986,,,,16.940000000000005,,,,,0.7971525192260742,28.000000000000007,,14.000000000000004,,90.71999999999997,0.6018349528312683
1110202,,,64.512,0.569969117641449,40.319999999999986,,,,51.03,0.6173866391181946,40.319999999999986,,219.52000000000015,0.7178468108177185,37.03,0.5544986128807068,74.05999999999996,0.6137009263038635,32.11271676300578,0.5152768492698669,,,,,56.000000000000014,0.6865037679672241,18.615,0.376397967338562,66.86842105263159,0.6358094811439514,12.0,,,,56.000000000000014,0.41487038135528564,71.68,0.7762250304222107,51.03,0.5660757422447205,50.79545454545455,0.626151442527771,45.359999999999985,0.33869439363479614,12.72,,67.75999999999999,0.6075983047485352,,,,,,,,,,,,,123.47999999999988,0.5862005949020386,31.50000000000001,0.7101706266403198,,,54.87999999999999,0.4547640383243561,53.94666666666666,0.4761542081832886,47.096,0.5372804999351501
1110203,,,,,,,,,,,,,,,,,,,,,,,,,,,,,,,,,,,,,,,,,,,,,80.64000000000003,0.5890227556228638,,,,,,,,,,,,,,,,,34.0,0.631376326084137,,0.7649245262145996,37.85600000000001,0.610252320766449,,,,
1110204,,,46.47910863509749,0.3553842604160309,73.17333333333337,0.535595715045929,,,,,,,,,,,,,,,,,,0.6843401789665222,,,,,,,,,,,,,,,,,,,,,148.12000000000012,0.5346357822418213,,,,,,,,,,,,,,,,,35.84,0.21216964721679688,40.96000000000001,0.2794365882873535,28.000000000000007,0.4076502323150635,,,39.66310975609756,0.41660699248313904
1110205,,,67.75999999999999,0.7299656867980957,,0.5311566591262817,,,,,58.86999999999998,0.6859967708587646,90.71999999999997,0.8428617715835571,135.52000000000015,0.25809335708618164,56.000000000000014,0.8217167258262634,134.5399999999999,0.5402662754058838,34.44000000000002,0.7589099407196045,,0.32823675870895386,76.23,0.7287359833717346,148.12000000000012,0.7702014446258545,,,,,,,33.88000000000001,0.6131923198699951,90.71999999999997,0.642480194568634,74.05999999999996,0.6059094071388245,19.0,0.2809258699417114,,,43.903999999999996,0.5851401686668396,,,,,,,,,,,,,,,,,81.64799999999998,0.6508857607841492,161.83999999999997,0.5508137345314026,43.74999999999999,0.5907884240150452,40.320000000000014,0.5385010838508606,87.50000000000006,0.6955887675285339
1110206,54.76000000000002,0.6400430202484131,,,,,,,,,,,,,,,,,,,,,61.74000000000001,0.6327272057533264,,,,,,,,,,,,,,,,,,,,,31.330188679245282,0.4935396611690521,,,,,,,,,,,,,,,23.660000000000004,0.7834934592247009,,,,,,,,,,
1110207,30.160000000000018,0.8389307856559753,,,,,,,,,,,,,,,,,,,,,,0.527800440788269,,,,,,,,,,,,,,,,,,,,,23.893333333333334,0.31661736965179443,,,,,,,,,,,,,,,,,23.893333333333334,0.5413838624954224,42.000000000000014,0.5087705254554749,,,,,,
1110208,32.256,0.743632972240448,40.82399999999999,0.5070090889930725,,,,,,,,,,,,,,,,,,,53.81600000000002,0.5508548617362976,,,,,,,,,,,,,,,,,,,,,,,,,,,,,,,,,,,,,,0.12964308261871338,35.84,0.6669690608978271,45.17333333333334,0.8439616560935974,,0.3646240830421448,53.760000000000005,0.5089428424835205,47.320000000000036,0.6938238739967346
1110209,22.0,0.4638179838657379,63.09333333333332,0.784177303314209,73.17333333333337,0.7445948719978333,53.0,0.666856050491333,148.11999999999992,0.6920052170753479,37.03,0.6473453640937805,63.00000000000002,0.5984516143798828,16.940000000000005,,40.320000000000014,0.7085177302360535,,,16.080000000000005,,,,20.160000000000007,,18.615,0.2948238253593445,,,56.000000000000014,0.7235149145126343,123.47999999999988,0.5703974962234497,,,,,,,,,,,47.320000000000036,0.6508955955505371,,,,,,,,,,,,,,,47.320000000000014,0.5490701794624329,11.146666666666668,0.5851716995239258,23.660000000000004,0.5964452028274536,,,63.00000000000002,0.7710480093955994,29.594664455715957,0.640438437461853
1110210,,0.778498649597168,,0.9873230457305908,,,26.880000000000003,0.5197106003761292,,,17.0,0.40029412508010864,,,,,,,,,,,,,,,,,,,,,,,,,,,,,,,,,45.359999999999985,0.6754757165908813,,,,,,,,,,,,,,,101.07999999999991,0.40316689014434814,,0.7756468057632446,,,31.50000000000001,0.27981483936309814,,,,
1110211,53.760000000000005,0.4080474376678467,80.63999999999997,0.5127750039100647,14.000000000000004,,22.135000000000005,0.5636448264122009,,,24.695999999999998,0.19551312923431396,26.97333333333333,0.5460931062698364,54.88000000000004,0.39837533235549927,34.02,0.32268428802490234,50.54000000000001,0.7978872060775757,,,,,,,,,,,,,,,,,,,,,,,,,36.000000000000014,0.5572523474693298,,,,,,,,,,,,,,,20.0,0.18546855449676514,39.24666666666668,0.5968495011329651,80.91999999999999,0.7755552530288696,95.57333333333334,0.6090948581695557,,,,
1110212,37.85600000000001,0.6305593848228455,113.39999999999996,0.5778126120567322,12.000000000000002,,,,,,,,,,,,,,,,,,23.660000000000004,0.7278115749359131,,,,,,,,,,,,,,,,,,,,,22.0,0.28926390409469604,,,,,,,,,,,,,,,27.439999999999994,0.45624637603759766,37.333333333333336,0.5447528958320618,26.97333333333333,0.34517717361450195,,0.5253570079803467,80.63999999999997,0.6392154097557068,71.68,0.5862756371498108
1110213,,,30.643393393393396,0.7812562584877014,,,33.879999999999995,,,,,,,,,,,,,,,,16.96,0.6988323926925659,,,,,,,,,,,,,,,,,,,,,,,,,,,,,,,,,,,,,14.000000000000004,,21.000000000000007,0.7845718860626221,,,25.44,0.5281127691268921,,,28.000000000000007,
1110214,33.879999999999995,,,0.6631720066070557,,,56.000000000000014,0.7337741851806641,,,80.63999999999997,0.6573569774627686,,,,,,,,,,,,,,,,,,,,,,,,,,,,,,,,,26.97333333333333,0.5315675735473633,,,,,,,,,,,,,,,37.03,0.46125343441963196,58.83500000000002,0.693140983581543,42.000000000000014,0.5401546955108643,27.439999999999994,0.30892765522003174,101.07999999999991,0.13504093885421753,33.879999999999995,0.8224995732307434
1110215,30.240000000000013,0.6129350066184998,,,,,,,,,,,,,,,,,,,,,,,,,,,,,,,,,,,,,,,,,,,47.320000000000036,0.8794989585876465,,,,,,,,,,,,,,,54.87999999999999,0.6315291523933411,,0.47530484199523926,33.69333333333333,0.6939484477043152,73.17333333333337,0.3997913599014282,,,,
1110216,45.359999999999985,0.7676132321357727,,,,,,,,,,,,,,,,,,,,,54.88000000000004,0.786107063293457,,,,,,,,,,,,,,,,,,,,,54.88000000000004,0.7107501029968262,,,,,,,,,,,,,,,47.320000000000036,0.639133095741272,,,,,,,,,,
1110217,,0.6357346773147583,,,,,,,,,,,,,,,,,,,,,53.94666666666666,0.6173284649848938,,,,,,,,,,,,,,,,,,,,,29.624000000000006,0.7490610480308533,,,,,,,,,,,,,,,,,56.000000000000014,0.509540855884552,63.999999999999986,0.6663782000541687,27.439999999999994,0.5292847156524658,,,,
1110218,63.09333333333332,0.8641777038574219,,,68.03999999999998,0.7175762057304382,47.320000000000036,0.5175970196723938,80.91999999999999,0.7944777607917786,,,,,,,,,,,,,,,,,,,,,,,,,,,,,,,,,,,,,,,,,,,,,,,,,,,,,,0.6056764125823975,90.71999999999997,0.7065664529800415,,,,,32.3888275862069,0.6382685899734497
1110219,123.47999999999988,0.6178650856018066,,,68.03999999999998,0.7082839012145996,,,,,63.00000000000002,0.41102349758148193,,,,,,,,,,,,,,,,,,,,,,,,,,,,,,,,,22.848,0.23377329111099243,,,,,,,,,,,,,,,,,40.319999999999986,,37.03,0.5380347371101379,,,35.84,0.35443878173828125,,
1110221,,,,,,,,,,,,,,,,,,,,,,,,,,,,,,,,,,,,,,,,,,,,,,,,,,,,,,,,,,,,,,,,,,,,,,,,
1110222,42.875000000000014,0.6783437728881836,,,,,,,,,,,,,,,,,,,,,71.68,0.6571716666221619,,,,,,,,,,,,,,,,,,,,,25.82461538461539,0.7066329717636108,,,,,,,,,,,,,,,47.0,0.6134003400802612,127.43111111111112,0.7685489654541016,56.000000000000014,0.6326969861984253,16.0,0.6561611294746399,,,,
1110223,20.160000000000007,0.5842416286468506,43.74999999999999,0.5671982765197754,,,,,,,,,,,,,,,,,,,,,,,,,,,,,,,,,,,,,,,,,,,,,,,,,,,,,,,,,,,,,56.000000000000014,0.7201349139213562,54.88000000000004,0.6195446252822876,76.66400000000004,0.6181618571281433,135.52000000000015,0.6330876350402832
1110224,28.000000000000007,,,,,,,,,,,,,,,,,,,,,,,,,,,,,,,,,,,,,,,,,,,,40.319999999999986,,,,,,,,,,,,,,,,,,73.17333333333337,0.6740759015083313,,,,,,,,
1110225,12.000000000000002,,,,,,,,,,,,,,,,,,,,,,,0.8600031137466431,,,,,,,,,,,,,,,,,,,,,27.439999999999994,0.8186037540435791,,,,,,,,,,,,,,,26.880000000000003,0.4701925218105316,,,,,,,,,,
1110226,304.9200000000003,0.6452476978302002,,,,,,,,,,,,,,,,,,,,,,,,,,,,,,,,,,,,,,,,,,,161.83999999999997,0.5940122604370117,,,,,,,,,,,,,,,,,,,,,,,,,,
1110227,47.320000000000036,0.3232254981994629,,,,,,,,,,,,,,,,,,,,,27.439999999999994,0.6232694983482361,,,,,,,,,,,,,,,,,,,,,,,,,,,,,,,,,,,,,,,,,,,,,,,,
1110228,,,,,,,,,,,,,,,,,,,,,,,12.000000000000002,,,,,,,,,,,,,,,,,,,,,,14.000000000000004,,,,,,,,,,,,,,,,23.660000000000004,0.6579422354698181,21.000000000000007,0.39940595626831055,,,,,,,,
1110229,61.74000000000001,0.3754696846008301,57.34400000000001,0.6656073927879333,,0.7681735157966614,,,,,,,,,,,,,,,,,,,,,,,,,,,,,,,,,,,,,,,204.11999999999972,0.6560584902763367,,,,,,,,,,,,,,,71.68,0.5168514251708984,40.82399999999999,0.4648754298686981,,,,,,,,0.29805850982666016
1110230,,,,,,,,,,,,,,,,,,,,,,,80.63999999999997,0.640241801738739,,,,,,,,,,,,,,,,,,,,,,,,,,,,,,,,,,,,,,0.6398018598556519,,0.35561317205429077,,,,,,,,
